S00JV3B7	data/fastq/monocytes/_EGAR00001366131_mcgill_20150903_rna_seq_S00JV3_B7_Mono_RNASeq_1_run2825_1_S00JV3_B7_Mono_RNASeq_1.33.pair1.fastq.gz	data/fastq/monocytes/_EGAR00001366131_mcgill_20150903_rna_seq_S00JV3_B7_Mono_RNASeq_1_run2825_1_S00JV3_B7_Mono_RNASeq_1.33.pair2.fastq.gz
S00JYYB5	data/fastq/monocytes/_EGAR00001366133_mcgill_20150903_rna_seq_S00JYY_B5_Mono_RNASeq_1_run2825_1_S00JYY_B5_Mono_RNASeq_1.33.pair1.fastq.gz	data/fastq/monocytes/_EGAR00001366133_mcgill_20150903_rna_seq_S00JYY_B5_Mono_RNASeq_1_run2825_1_S00JYY_B5_Mono_RNASeq_1.33.pair2.fastq.gz
S00K0OB7	data/fastq/monocytes/_EGAR00001366134_mcgill_20150903_rna_seq_S00K0O_B7_Mono_RNASeq_1_run2877_3_S00K0O_B7_Mono_RNASeq_1.33.pair1.fastq.gz	data/fastq/monocytes/_EGAR00001366134_mcgill_20150903_rna_seq_S00K0O_B7_Mono_RNASeq_1_run2877_3_S00K0O_B7_Mono_RNASeq_1.33.pair2.fastq.gz
S001C2B4	data/fastq/neutrophils/_EGAR00001325168_McGill_rna-seq_S001C2_B4_GR_RNASeq_1_run2029_6_S001C2_B4_GR_RNASeq_1.33.pair1.fastq.gz	data/fastq/neutrophils/_EGAR00001325168_McGill_rna-seq_S001C2_B4_GR_RNASeq_1_run2029_6_S001C2_B4_GR_RNASeq_1.33.pair2.fastq.gz
S001T511	data/fastq/neutrophils/_EGAR00001325169_McGill_rna-seq_S001T5_11_GR_RNASeq_1_run2017_2_S001T5_11_GR_RNASeq_1.33.pair1.fastq.gz	data/fastq/neutrophils/_EGAR00001325169_McGill_rna-seq_S001T5_11_GR_RNASeq_1_run2017_2_S001T5_11_GR_RNASeq_1.33.pair2.fastq.gz
S001YW11	data/fastq/neutrophils/_EGAR00001325170_McGill_rna-seq_S001YW_11_GR_RNASeq_1_run2017_2_S001YW_11_GR_RNASeq_1.33.pair1.fastq.gz	data/fastq/neutrophils/_EGAR00001325170_McGill_rna-seq_S001YW_11_GR_RNASeq_1_run2017_2_S001YW_11_GR_RNASeq_1.33.pair2.fastq.gz
S0020M11	data/fastq/neutrophils/_EGAR00001325171_McGill_rna-seq_S0020M_11_GR_RNASeq_1_run2017_2_S0020M_11_GR_RNASeq_1.33.pair1.fastq.gz	data/fastq/neutrophils/_EGAR00001325171_McGill_rna-seq_S0020M_11_GR_RNASeq_1_run2017_2_S0020M_11_GR_RNASeq_1.33.pair2.fastq.gz
S003JHB5	data/fastq/neutrophils/_EGAR00001325172_McGill_rna-seq_S003JH_B5_GR_RNASeq_1_run2029_6_S003JH_B5_GR_RNASeq_1.33.pair1.fastq.gz	data/fastq/neutrophils/_EGAR00001325172_McGill_rna-seq_S003JH_B5_GR_RNASeq_1_run2029_6_S003JH_B5_GR_RNASeq_1.33.pair2.fastq.gz
S006UKB2	data/fastq/neutrophils/_EGAR00001325173_McGill_rna-seq_S006UK_B2_GR_RNASeq_1_run2029_6_S006UK_B2_GR_RNASeq_1.33.pair1.fastq.gz	data/fastq/neutrophils/_EGAR00001325173_McGill_rna-seq_S006UK_B2_GR_RNASeq_1_run2029_6_S006UK_B2_GR_RNASeq_1.33.pair2.fastq.gz
S00DKCB3	data/fastq/neutrophils/_EGAR00001366129_mcgill_20150903_rna_seq_S00DKC_B3_GR_RNASeq_1_run2804_8_S00DKC_B3_GR_RNASeq_1.33.pair1.fastq.gz	data/fastq/neutrophils/_EGAR00001366129_mcgill_20150903_rna_seq_S00DKC_B3_GR_RNASeq_1_run2804_8_S00DKC_B3_GR_RNASeq_1.33.pair2.fastq.gz
S00JV3B4	data/fastq/neutrophils/_EGAR00001366130_mcgill_20150903_rna_seq_S00JV3_B4_GR_RNASeq_1_run2804_8_S00JV3_B4_GR_RNASeq_1.33.pair1.fastq.gz	data/fastq/neutrophils/_EGAR00001366130_mcgill_20150903_rna_seq_S00JV3_B4_GR_RNASeq_1_run2804_8_S00JV3_B4_GR_RNASeq_1.33.pair2.fastq.gz
S00JYYB2	data/fastq/neutrophils/_EGAR00001366132_mcgill_20150903_rna_seq_S00JYY_B2_GR_RNASeq_1_run2804_8_S00JYY_B2_GR_RNASeq_1.33.pair1.fastq.gz	data/fastq/neutrophils/_EGAR00001366132_mcgill_20150903_rna_seq_S00JYY_B2_GR_RNASeq_1_run2804_8_S00JYY_B2_GR_RNASeq_1.33.pair2.fastq.gz
S000GZB3_mRNA	data/fastq/T-cells/_EGAR00001193039_McGill_rna-seq_S000GZ_nTC_mRNASeq_1.33.pair1.fastq.gz	data/fastq/T-cells/_EGAR00001193039_McGill_rna-seq_S000GZ_nTC_mRNASeq_1.33.pair2.fastq.gz
S000GZB3_RNA	data/fastq/T-cells/_EGAR00001193040_McGill_rna-seq_S000GZ_nTC_RNASeq_1.33.pair1.fastq.gz	data/fastq/T-cells/_EGAR00001193040_McGill_rna-seq_S000GZ_nTC_RNASeq_1.33.pair2.fastq.gz
S000X1_mRNA	data/fastq/T-cells/_EGAR00001193089_McGill_rna-seq_S000X1_nTC_mRNASeq_1.33.pair1.fastq.gz	data/fastq/T-cells/_EGAR00001193089_McGill_rna-seq_S000X1_nTC_mRNASeq_1.33.pair2.fastq.gz
S000X1_RNA	data/fastq/T-cells/_EGAR00001193090_McGill_rna-seq_S000X1_nTC_RNASeq_1.33.pair1.fastq.gz	data/fastq/T-cells/_EGAR00001193090_McGill_rna-seq_S000X1_nTC_RNASeq_1.33.pair2.fastq.gz
S0010Q_mRNA	data/fastq/T-cells/_EGAR00001193087_McGill_rna-seq_S0010Q_nTC_mRNASeq_1.33.pair1.fastq.gz	data/fastq/T-cells/_EGAR00001193087_McGill_rna-seq_S0010Q_nTC_mRNASeq_1.33.pair2.fastq.gz
S0010Q_RNA	data/fastq/T-cells/_EGAR00001193088_McGill_rna-seq_S0010Q_nTC_RNASeq_1.33.pair1.fastq.gz	data/fastq/T-cells/_EGAR00001193088_McGill_rna-seq_S0010Q_nTC_RNASeq_1.33.pair2.fastq.gz
S0012MB1_mRNA	data/fastq/T-cells/_EGAR00001193067_McGill_rna-seq_S0012M_nTC_mRNASeq_1.33.pair1.fastq.gz	data/fastq/T-cells/_EGAR00001193067_McGill_rna-seq_S0012M_nTC_mRNASeq_1.33.pair2.fastq.gz
S0012MB1_RNA	data/fastq/T-cells/_EGAR00001193068_McGill_rna-seq_S0012M_nTC_RNASeq_1.33.pair1.fastq.gz	data/fastq/T-cells/_EGAR00001193068_McGill_rna-seq_S0012M_nTC_RNASeq_1.33.pair2.fastq.gz
S001C2B5_mRNA	data/fastq/T-cells/_EGAR00001193019_McGill_rna-seq_S001C2_nTC_mRNASeq_1.33.pair1.fastq.gz	data/fastq/T-cells/_EGAR00001193019_McGill_rna-seq_S001C2_nTC_mRNASeq_1.33.pair2.fastq.gz
S001C2B5_RNA	data/fastq/T-cells/_EGAR00001193020_McGill_rna-seq_S001C2_nTC_RNASeq_1.33.pair1.fastq.gz	data/fastq/T-cells/_EGAR00001193020_McGill_rna-seq_S001C2_nTC_RNASeq_1.33.pair2.fastq.gz
S001GV_mRNA	data/fastq/T-cells/_EGAR00001193043_McGill_rna-seq_S001GV_nTC_mRNASeq_1.33.pair1.fastq.gz	data/fastq/T-cells/_EGAR00001193043_McGill_rna-seq_S001GV_nTC_mRNASeq_1.33.pair2.fastq.gz
S001GV_RNA	data/fastq/T-cells/_EGAR00001193044_McGill_rna-seq_S001GV_nTC_RNASeq_1.33.pair1.fastq.gz	data/fastq/T-cells/_EGAR00001193044_McGill_rna-seq_S001GV_nTC_RNASeq_1.33.pair2.fastq.gz
S001KN_mRNA	data/fastq/T-cells/_EGAR00001193021_McGill_rna-seq_S001KN_nTC_mRNASeq_1.33.pair1.fastq.gz	data/fastq/T-cells/_EGAR00001193021_McGill_rna-seq_S001KN_nTC_mRNASeq_1.33.pair2.fastq.gz
S001KN_RNA	data/fastq/T-cells/_EGAR00001193022_McGill_rna-seq_S001KN_nTC_RNASeq_1.33.pair1.fastq.gz	data/fastq/T-cells/_EGAR00001193022_McGill_rna-seq_S001KN_nTC_RNASeq_1.33.pair2.fastq.gz
S001NH_mRNA	data/fastq/T-cells/_EGAR00001193055_McGill_rna-seq_S001NH_nTC_mRNASeq_1.33.pair1.fastq.gz	data/fastq/T-cells/_EGAR00001193055_McGill_rna-seq_S001NH_nTC_mRNASeq_1.33.pair2.fastq.gz
S001NH_RNA	data/fastq/T-cells/_EGAR00001193056_McGill_rna-seq_S001NH_nTC_RNASeq_1.33.pair1.fastq.gz	data/fastq/T-cells/_EGAR00001193056_McGill_rna-seq_S001NH_nTC_RNASeq_1.33.pair2.fastq.gz
S001T5_mRNA	data/fastq/T-cells/_EGAR00001193073_McGill_rna-seq_S001T5_nTC_mRNASeq_1.33.pair1.fastq.gz	data/fastq/T-cells/_EGAR00001193073_McGill_rna-seq_S001T5_nTC_mRNASeq_1.33.pair2.fastq.gz
S001T5_RNA	data/fastq/T-cells/_EGAR00001193074_McGill_rna-seq_S001T5_nTC_RNASeq_1.33.pair1.fastq.gz	data/fastq/T-cells/_EGAR00001193074_McGill_rna-seq_S001T5_nTC_RNASeq_1.33.pair2.fastq.gz
S0021KB5_mRNA	data/fastq/T-cells/_EGAR00001193081_McGill_rna-seq_S0021K_nTC_mRNASeq_1.33.pair1.fastq.gz	data/fastq/T-cells/_EGAR00001193081_McGill_rna-seq_S0021K_nTC_mRNASeq_1.33.pair2.fastq.gz
S0021KB5_RNA	data/fastq/T-cells/_EGAR00001193082_McGill_rna-seq_S0021K_nTC_RNASeq_1.33.pair1.fastq.gz	data/fastq/T-cells/_EGAR00001193082_McGill_rna-seq_S0021K_nTC_RNASeq_1.33.pair2.fastq.gz
S0026AB3_mRNA	data/fastq/T-cells/_EGAR00001193079_McGill_rna-seq_S0026A_nTC_mRNASeq_1.33.pair1.fastq.gz	data/fastq/T-cells/_EGAR00001193079_McGill_rna-seq_S0026A_nTC_mRNASeq_1.33.pair2.fastq.gz
S0026AB3_RNA	data/fastq/T-cells/_EGAR00001193080_McGill_rna-seq_S0026A_nTC_RNASeq_1.33.pair1.fastq.gz	data/fastq/T-cells/_EGAR00001193080_McGill_rna-seq_S0026A_nTC_RNASeq_1.33.pair2.fastq.gz
S00294B5_mRNA	data/fastq/T-cells/_EGAR00001193013_McGill_rna-seq_S00294_nTC_mRNASeq_1.33.pair1.fastq.gz	data/fastq/T-cells/_EGAR00001193013_McGill_rna-seq_S00294_nTC_mRNASeq_1.33.pair2.fastq.gz
S00294B5_RNA	data/fastq/T-cells/_EGAR00001193014_McGill_rna-seq_S00294_nTC_RNASeq_1.33.pair1.fastq.gz	data/fastq/T-cells/_EGAR00001193014_McGill_rna-seq_S00294_nTC_RNASeq_1.33.pair2.fastq.gz
S002EV_mRNA	data/fastq/T-cells/_EGAR00001193071_McGill_rna-seq_S002EV_nTC_mRNASeq_1.33.pair1.fastq.gz	data/fastq/T-cells/_EGAR00001193071_McGill_rna-seq_S002EV_nTC_mRNASeq_1.33.pair2.fastq.gz
S002EV_RNA	data/fastq/T-cells/_EGAR00001193072_McGill_rna-seq_S002EV_nTC_RNASeq_1.33.pair1.fastq.gz	data/fastq/T-cells/_EGAR00001193072_McGill_rna-seq_S002EV_nTC_RNASeq_1.33.pair2.fastq.gz
S002FTB4_mRNA	data/fastq/T-cells/_EGAR00001193035_McGill_rna-seq_S002FT_nTC_mRNASeq_1.33.pair1.fastq.gz	data/fastq/T-cells/_EGAR00001193035_McGill_rna-seq_S002FT_nTC_mRNASeq_1.33.pair2.fastq.gz
S002FTB4_RNA	data/fastq/T-cells/_EGAR00001193036_McGill_rna-seq_S002FT_nTC_RNASeq_1.33.pair1.fastq.gz	data/fastq/T-cells/_EGAR00001193036_McGill_rna-seq_S002FT_nTC_RNASeq_1.33.pair2.fastq.gz
S002MFB3_mRNA	data/fastq/T-cells/_EGAR00001193033_McGill_rna-seq_S002MF_nTC_mRNASeq_1.33.pair1.fastq.gz	data/fastq/T-cells/_EGAR00001193033_McGill_rna-seq_S002MF_nTC_mRNASeq_1.33.pair2.fastq.gz
S002MFB3_RNA	data/fastq/T-cells/_EGAR00001193034_McGill_rna-seq_S002MF_nTC_RNASeq_1.33.pair1.fastq.gz	data/fastq/T-cells/_EGAR00001193034_McGill_rna-seq_S002MF_nTC_RNASeq_1.33.pair2.fastq.gz
S002WW_mRNA	data/fastq/T-cells/_EGAR00001193049_McGill_rna-seq_S002WW_nTC_mRNASeq_1.33.pair1.fastq.gz	data/fastq/T-cells/_EGAR00001193049_McGill_rna-seq_S002WW_nTC_mRNASeq_1.33.pair2.fastq.gz
S002WW_RNA	data/fastq/T-cells/_EGAR00001193050_McGill_rna-seq_S002WW_nTC_RNASeq_1.33.pair1.fastq.gz	data/fastq/T-cells/_EGAR00001193050_McGill_rna-seq_S002WW_nTC_RNASeq_1.33.pair2.fastq.gz
S002XU_mRNA	data/fastq/T-cells/_EGAR00001193061_McGill_rna-seq_S002XU_nTC_mRNASeq_1.33.pair1.fastq.gz	data/fastq/T-cells/_EGAR00001193061_McGill_rna-seq_S002XU_nTC_mRNASeq_1.33.pair2.fastq.gz
S002XU_RNA	data/fastq/T-cells/_EGAR00001193062_McGill_rna-seq_S002XU_nTC_RNASeq_1.33.pair1.fastq.gz	data/fastq/T-cells/_EGAR00001193062_McGill_rna-seq_S002XU_nTC_RNASeq_1.33.pair2.fastq.gz
S0031GB6_mRNA	data/fastq/T-cells/_EGAR00001193027_McGill_rna-seq_S0031G_nTC_mRNASeq_1.33.pair1.fastq.gz	data/fastq/T-cells/_EGAR00001193027_McGill_rna-seq_S0031G_nTC_mRNASeq_1.33.pair2.fastq.gz
S0031GB6_RNA	data/fastq/T-cells/_EGAR00001193028_McGill_rna-seq_S0031G_nTC_RNASeq_1.33.pair1.fastq.gz	data/fastq/T-cells/_EGAR00001193028_McGill_rna-seq_S0031G_nTC_RNASeq_1.33.pair2.fastq.gz
S0032EB5_mRNA	data/fastq/T-cells/_EGAR00001193063_McGill_rna-seq_S0032E_nTC_mRNASeq_1.33.pair1.fastq.gz	data/fastq/T-cells/_EGAR00001193063_McGill_rna-seq_S0032E_nTC_mRNASeq_1.33.pair2.fastq.gz
S0032EB5_RNA	data/fastq/T-cells/_EGAR00001193064_McGill_rna-seq_S0032E_nTC_RNASeq_1.33.pair1.fastq.gz	data/fastq/T-cells/_EGAR00001193064_McGill_rna-seq_S0032E_nTC_RNASeq_1.33.pair2.fastq.gz
S00382B4_mRNA	data/fastq/T-cells/_EGAR00001193011_McGill_rna-seq_S00382_nTC_mRNASeq_1.33.pair1.fastq.gz	data/fastq/T-cells/_EGAR00001193011_McGill_rna-seq_S00382_nTC_mRNASeq_1.33.pair2.fastq.gz
S00382B4_RNA	data/fastq/T-cells/_EGAR00001193012_McGill_rna-seq_S00382_nTC_RNASeq_1.33.pair1.fastq.gz	data/fastq/T-cells/_EGAR00001193012_McGill_rna-seq_S00382_nTC_RNASeq_1.33.pair2.fastq.gz
S003AZ_mRNA	data/fastq/T-cells/_EGAR00001193083_McGill_rna-seq_S003AZ_nTC_mRNASeq_1.33.pair1.fastq.gz	data/fastq/T-cells/_EGAR00001193083_McGill_rna-seq_S003AZ_nTC_mRNASeq_1.33.pair2.fastq.gz
S003AZ_RNA	data/fastq/T-cells/_EGAR00001193084_McGill_rna-seq_S003AZ_nTC_RNASeq_1.33.pair1.fastq.gz	data/fastq/T-cells/_EGAR00001193084_McGill_rna-seq_S003AZ_nTC_RNASeq_1.33.pair2.fastq.gz
S003JHB1_mRNA	data/fastq/T-cells/_EGAR00001193023_McGill_rna-seq_S003JH_nTC_mRNASeq_1.33.pair1.fastq.gz	data/fastq/T-cells/_EGAR00001193023_McGill_rna-seq_S003JH_nTC_mRNASeq_1.33.pair2.fastq.gz
S003JHB1_RNA	data/fastq/T-cells/_EGAR00001193024_McGill_rna-seq_S003JH_nTC_RNASeq_1.33.pair1.fastq.gz	data/fastq/T-cells/_EGAR00001193024_McGill_rna-seq_S003JH_nTC_RNASeq_1.33.pair2.fastq.gz
S003P5B1_mRNA	data/fastq/T-cells/_EGAR00001193069_McGill_rna-seq_S003P5_nTC_mRNASeq_1.33.pair1.fastq.gz	data/fastq/T-cells/_EGAR00001193069_McGill_rna-seq_S003P5_nTC_mRNASeq_1.33.pair2.fastq.gz
S003P5B1_RNA	data/fastq/T-cells/_EGAR00001193070_McGill_rna-seq_S003P5_nTC_RNASeq_1.33.pair1.fastq.gz	data/fastq/T-cells/_EGAR00001193070_McGill_rna-seq_S003P5_nTC_RNASeq_1.33.pair2.fastq.gz
S003Q3B1_mRNA	data/fastq/T-cells/_EGAR00001193017_McGill_rna-seq_S003Q3_nTC_mRNASeq_1.33.pair1.fastq.gz	data/fastq/T-cells/_EGAR00001193017_McGill_rna-seq_S003Q3_nTC_mRNASeq_1.33.pair2.fastq.gz
S003Q3B1_RNA	data/fastq/T-cells/_EGAR00001193018_McGill_rna-seq_S003Q3_nTC_RNASeq_1.33.pair1.fastq.gz	data/fastq/T-cells/_EGAR00001193018_McGill_rna-seq_S003Q3_nTC_RNASeq_1.33.pair2.fastq.gz
S003R1B4_mRNA	data/fastq/T-cells/_EGAR00001193051_McGill_rna-seq_S003R1_nTC_mRNASeq_1.33.pair1.fastq.gz	data/fastq/T-cells/_EGAR00001193051_McGill_rna-seq_S003R1_nTC_mRNASeq_1.33.pair2.fastq.gz
S003R1B4_RNA	data/fastq/T-cells/_EGAR00001193052_McGill_rna-seq_S003R1_nTC_RNASeq_1.33.pair1.fastq.gz	data/fastq/T-cells/_EGAR00001193052_McGill_rna-seq_S003R1_nTC_RNASeq_1.33.pair2.fastq.gz
S0041C_mRNA	data/fastq/T-cells/_EGAR00001193075_McGill_rna-seq_S0041C_nTC_mRNASeq_1.33.pair1.fastq.gz	data/fastq/T-cells/_EGAR00001193075_McGill_rna-seq_S0041C_nTC_mRNASeq_1.33.pair2.fastq.gz
S0041C_RNA	data/fastq/T-cells/_EGAR00001193076_McGill_rna-seq_S0041C_nTC_RNASeq_1.33.pair1.fastq.gz	data/fastq/T-cells/_EGAR00001193076_McGill_rna-seq_S0041C_nTC_RNASeq_1.33.pair2.fastq.gz
S004M7_mRNA	data/fastq/T-cells/_EGAR00001193037_McGill_rna-seq_S004M7_nTC_mRNASeq_1.33.pair1.fastq.gz	data/fastq/T-cells/_EGAR00001193037_McGill_rna-seq_S004M7_nTC_mRNASeq_1.33.pair2.fastq.gz
S004M7_RNA	data/fastq/T-cells/_EGAR00001193038_McGill_rna-seq_S004M7_nTC_RNASeq_1.33.pair1.fastq.gz	data/fastq/T-cells/_EGAR00001193038_McGill_rna-seq_S004M7_nTC_RNASeq_1.33.pair2.fastq.gz
S004N5B1_mRNA	data/fastq/T-cells/_EGAR00001193045_McGill_rna-seq_S004N5_nTC_mRNASeq_1.33.pair1.fastq.gz	data/fastq/T-cells/_EGAR00001193045_McGill_rna-seq_S004N5_nTC_mRNASeq_1.33.pair2.fastq.gz
S004N5B1_RNA	data/fastq/T-cells/_EGAR00001193046_McGill_rna-seq_S004N5_nTC_RNASeq_1.33.pair1.fastq.gz	data/fastq/T-cells/_EGAR00001193046_McGill_rna-seq_S004N5_nTC_RNASeq_1.33.pair2.fastq.gz
S005N1B4_mRNA	data/fastq/T-cells/_EGAR00001193025_McGill_rna-seq_S005N1_nTC_mRNASeq_1.33.pair1.fastq.gz	data/fastq/T-cells/_EGAR00001193025_McGill_rna-seq_S005N1_nTC_mRNASeq_1.33.pair2.fastq.gz
S005N1B4_RNA	data/fastq/T-cells/_EGAR00001193026_McGill_rna-seq_S005N1_nTC_RNASeq_1.33.pair1.fastq.gz	data/fastq/T-cells/_EGAR00001193026_McGill_rna-seq_S005N1_nTC_RNASeq_1.33.pair2.fastq.gz
S005VMB7_mRNA	data/fastq/T-cells/_EGAR00001193029_McGill_rna-seq_S005VM_nTC_mRNASeq_1.33.pair1.fastq.gz	data/fastq/T-cells/_EGAR00001193029_McGill_rna-seq_S005VM_nTC_mRNASeq_1.33.pair2.fastq.gz
S005VMB7_RNA	data/fastq/T-cells/_EGAR00001193030_McGill_rna-seq_S005VM_nTC_RNASeq_1.33.pair1.fastq.gz	data/fastq/T-cells/_EGAR00001193030_McGill_rna-seq_S005VM_nTC_RNASeq_1.33.pair2.fastq.gz
S005WK_mRNA	data/fastq/T-cells/_EGAR00001193065_McGill_rna-seq_S005WK_nTC_mRNASeq_1.33.pair1.fastq.gz	data/fastq/T-cells/_EGAR00001193065_McGill_rna-seq_S005WK_nTC_mRNASeq_1.33.pair2.fastq.gz
S005WK_RNA	data/fastq/T-cells/_EGAR00001193066_McGill_rna-seq_S005WK_nTC_RNASeq_1.33.pair1.fastq.gz	data/fastq/T-cells/_EGAR00001193066_McGill_rna-seq_S005WK_nTC_RNASeq_1.33.pair2.fastq.gz
S00630B7_mRNA	data/fastq/T-cells/_EGAR00001193059_McGill_rna-seq_S00630_nTC_mRNASeq_1.33.pair1.fastq.gz	data/fastq/T-cells/_EGAR00001193059_McGill_rna-seq_S00630_nTC_mRNASeq_1.33.pair2.fastq.gz
S00630B7_RNA	data/fastq/T-cells/_EGAR00001193060_McGill_rna-seq_S00630_nTC_RNASeq_1.33.pair1.fastq.gz	data/fastq/T-cells/_EGAR00001193060_McGill_rna-seq_S00630_nTC_RNASeq_1.33.pair2.fastq.gz
S0064Z_mRNA	data/fastq/T-cells/_EGAR00001193047_McGill_rna-seq_S0064Z_nTC_mRNASeq_1.33.pair1.fastq.gz	data/fastq/T-cells/_EGAR00001193047_McGill_rna-seq_S0064Z_nTC_mRNASeq_1.33.pair2.fastq.gz
S0064Z_RNA	data/fastq/T-cells/_EGAR00001193048_McGill_rna-seq_S0064Z_nTC_RNASeq_1.33.pair1.fastq.gz	data/fastq/T-cells/_EGAR00001193048_McGill_rna-seq_S0064Z_nTC_RNASeq_1.33.pair2.fastq.gz
S006XE_mRNA	data/fastq/T-cells/_EGAR00001193085_McGill_rna-seq_S006XE_nTC_mRNASeq_1.33.pair1.fastq.gz	data/fastq/T-cells/_EGAR00001193085_McGill_rna-seq_S006XE_nTC_mRNASeq_1.33.pair2.fastq.gz
S006XE_RNA	data/fastq/T-cells/_EGAR00001193086_McGill_rna-seq_S006XE_nTC_RNASeq_1.33.pair1.fastq.gz	data/fastq/T-cells/_EGAR00001193086_McGill_rna-seq_S006XE_nTC_RNASeq_1.33.pair2.fastq.gz
S007CF_mRNA	data/fastq/T-cells/_EGAR00001193041_McGill_rna-seq_S007CF_nTC_mRNASeq_1.33.pair1.fastq.gz	data/fastq/T-cells/_EGAR00001193041_McGill_rna-seq_S007CF_nTC_mRNASeq_1.33.pair2.fastq.gz
S007CF_RNA	data/fastq/T-cells/_EGAR00001193042_McGill_rna-seq_S007CF_nTC_RNASeq_1.33.pair1.fastq.gz	data/fastq/T-cells/_EGAR00001193042_McGill_rna-seq_S007CF_nTC_RNASeq_1.33.pair2.fastq.gz
S007DD_mRNA	data/fastq/T-cells/_EGAR00001193053_McGill_rna-seq_S007DD_nTC_mRNASeq_1.33.pair1.fastq.gz	data/fastq/T-cells/_EGAR00001193053_McGill_rna-seq_S007DD_nTC_mRNASeq_1.33.pair2.fastq.gz
S007DD_RNA	data/fastq/T-cells/_EGAR00001193054_McGill_rna-seq_S007DD_nTC_RNASeq_1.33.pair1.fastq.gz	data/fastq/T-cells/_EGAR00001193054_McGill_rna-seq_S007DD_nTC_RNASeq_1.33.pair2.fastq.gz
S007F9_mRNA	data/fastq/T-cells/_EGAR00001193031_McGill_rna-seq_S007F9_nTC_mRNASeq_1.33.pair1.fastq.gz	data/fastq/T-cells/_EGAR00001193031_McGill_rna-seq_S007F9_nTC_mRNASeq_1.33.pair2.fastq.gz
S007F9_RNA	data/fastq/T-cells/_EGAR00001193032_McGill_rna-seq_S007F9_nTC_RNASeq_1.33.pair1.fastq.gz	data/fastq/T-cells/_EGAR00001193032_McGill_rna-seq_S007F9_nTC_RNASeq_1.33.pair2.fastq.gz
S007G7_mRNA	data/fastq/T-cells/_EGAR00001193077_McGill_rna-seq_S007G7_nTC_mRNASeq_1.33.pair1.fastq.gz	data/fastq/T-cells/_EGAR00001193077_McGill_rna-seq_S007G7_nTC_mRNASeq_1.33.pair2.fastq.gz
S007G7_RNA	data/fastq/T-cells/_EGAR00001193078_McGill_rna-seq_S007G7_nTC_RNASeq_1.33.pair1.fastq.gz	data/fastq/T-cells/_EGAR00001193078_McGill_rna-seq_S007G7_nTC_RNASeq_1.33.pair2.fastq.gz
S007PQB3_mRNA	data/fastq/T-cells/_EGAR00001193015_McGill_rna-seq_S007PQ_nTC_mRNASeq_1.33.pair1.fastq.gz	data/fastq/T-cells/_EGAR00001193015_McGill_rna-seq_S007PQ_nTC_mRNASeq_1.33.pair2.fastq.gz
S007PQB3_RNA	data/fastq/T-cells/_EGAR00001193016_McGill_rna-seq_S007PQ_nTC_RNASeq_1.33.pair1.fastq.gz	data/fastq/T-cells/_EGAR00001193016_McGill_rna-seq_S007PQ_nTC_RNASeq_1.33.pair2.fastq.gz
S007VEB1_mRNA	data/fastq/T-cells/_EGAR00001193057_McGill_rna-seq_S007VE_nTC_mRNASeq_1.33.pair1.fastq.gz	data/fastq/T-cells/_EGAR00001193057_McGill_rna-seq_S007VE_nTC_mRNASeq_1.33.pair2.fastq.gz
S007VEB1_RNA	data/fastq/T-cells/_EGAR00001193058_McGill_rna-seq_S007VE_nTC_RNASeq_1.33.pair1.fastq.gz	data/fastq/T-cells/_EGAR00001193058_McGill_rna-seq_S007VE_nTC_RNASeq_1.33.pair2.fastq.gz
S00D9YB1	data/fastq/T-cells/_EGAR00001325174_McGill_rna-seq_S00D9Y_B1_nTC_RNASeq_1_run2029_6_S00D9Y_B1_nTC_RNASeq_1.33.pair1.fastq.gz	data/fastq/T-cells/_EGAR00001325174_McGill_rna-seq_S00D9Y_B1_nTC_RNASeq_1_run2029_6_S00D9Y_B1_nTC_RNASeq_1.33.pair2.fastq.gz
S00DKCB7	data/fastq/T-cells/_EGAR00001325175_McGill_rna-seq_S00DKC_B7_nTC_RNASeq_1_run2029_7_S00DKC_B7_nTC_RNASeq_1.33.pair1.fastq.gz	data/fastq/T-cells/_EGAR00001325175_McGill_rna-seq_S00DKC_B7_nTC_RNASeq_1_run2029_7_S00DKC_B7_nTC_RNASeq_1.33.pair2.fastq.gz
S00DP2B3	data/fastq/T-cells/_EGAR00001325176_McGill_rna-seq_S00DP2_B3_nTC_RNASeq_1_run2029_7_S00DP2_B3_nTC_RNASeq_1.33.pair1.fastq.gz	data/fastq/T-cells/_EGAR00001325176_McGill_rna-seq_S00DP2_B3_nTC_RNASeq_1_run2029_7_S00DP2_B3_nTC_RNASeq_1.33.pair2.fastq.gz
S00E9UB3	data/fastq/T-cells/_EGAR00001325178_McGill_rna-seq_S00E9U_nTC_RNASeq_1_run2505_2_S00E9U_nTC_RNASeq_1.33.pair1.fastq.gz	data/fastq/T-cells/_EGAR00001325178_McGill_rna-seq_S00E9U_nTC_RNASeq_1_run2505_2_S00E9U_nTC_RNASeq_1.33.pair2.fastq.gz
S00F9QB1	data/fastq/T-cells/_EGAR00001325179_McGill_rna-seq_S00F9Q_nTC_RNASeq_1_run2504_6_S00F9Q_nTC_RNASeq_1.33.pair1.fastq.gz	data/fastq/T-cells/_EGAR00001325179_McGill_rna-seq_S00F9Q_nTC_RNASeq_1_run2504_6_S00F9Q_nTC_RNASeq_1.33.pair2.fastq.gz
S00FK4B3	data/fastq/T-cells/_EGAR00001325180_McGill_rna-seq_S00FK4_B3_nTC_RNASeq_1_run2029_7_S00FK4_B3_nTC_RNASeq_1.33.pair1.fastq.gz	data/fastq/T-cells/_EGAR00001325180_McGill_rna-seq_S00FK4_B3_nTC_RNASeq_1_run2029_7_S00FK4_B3_nTC_RNASeq_1.33.pair2.fastq.gz
S00FPVB1	data/fastq/T-cells/_EGAR00001325181_McGill_rna-seq_S00FPV_B1_nTC_RNASeq_1_run2029_8_S00FPV_B1_nTC_RNASeq_1.33.pair1.fastq.gz	data/fastq/T-cells/_EGAR00001325181_McGill_rna-seq_S00FPV_B1_nTC_RNASeq_1_run2029_8_S00FPV_B1_nTC_RNASeq_1.33.pair2.fastq.gz
S00FULB6	data/fastq/T-cells/_EGAR00001325182_McGill_rna-seq_S00FUL_B6_nTC_RNASeq_1_run2029_8_S00FUL_B6_nTC_RNASeq_1.33.pair1.fastq.gz	data/fastq/T-cells/_EGAR00001325182_McGill_rna-seq_S00FUL_B6_nTC_RNASeq_1_run2029_8_S00FUL_B6_nTC_RNASeq_1.33.pair2.fastq.gz
S00FVJB3	data/fastq/T-cells/_EGAR00001325183_McGill_rna-seq_S00FVJ_nTC_RNASeq_1_run2505_5_S00FVJ_nTC_RNASeq_1.33.pair1.fastq.gz	data/fastq/T-cells/_EGAR00001325183_McGill_rna-seq_S00FVJ_nTC_RNASeq_1_run2505_5_S00FVJ_nTC_RNASeq_1.33.pair2.fastq.gz
S00G5UB3	data/fastq/T-cells/_EGAR00001325184_McGill_rna-seq_S00G5U_B3_nTC_RNASeq_1_run2029_8_S00G5U_B3_nTC_RNASeq_1.33.pair1.fastq.gz	data/fastq/T-cells/_EGAR00001325184_McGill_rna-seq_S00G5U_B3_nTC_RNASeq_1_run2029_8_S00G5U_B3_nTC_RNASeq_1.33.pair2.fastq.gz
S00G7QB3	data/fastq/T-cells/_EGAR00001325185_McGill_rna-seq_S00G7Q_nTC_RNASeq_1_run2505_8_S00G7Q_nTC_RNASeq_1.33.pair1.fastq.gz	data/fastq/T-cells/_EGAR00001325185_McGill_rna-seq_S00G7Q_nTC_RNASeq_1_run2505_8_S00G7Q_nTC_RNASeq_1.33.pair2.fastq.gz
S00G9MB3	data/fastq/T-cells/_EGAR00001325186_McGill_rna-seq_S00G9M_B3_nTC_RNASeq_1_run2029_8_S00G9M_B3_nTC_RNASeq_1.33.pair1.fastq.gz	data/fastq/T-cells/_EGAR00001325186_McGill_rna-seq_S00G9M_B3_nTC_RNASeq_1_run2029_8_S00G9M_B3_nTC_RNASeq_1.33.pair2.fastq.gz
S00GBIB3	data/fastq/T-cells/_EGAR00001325187_McGill_rna-seq_S00GBI_nTC_RNASeq_1_run2506_3_S00GBI_nTC_RNASeq_1.33.pair1.fastq.gz	data/fastq/T-cells/_EGAR00001325187_McGill_rna-seq_S00GBI_nTC_RNASeq_1_run2506_3_S00GBI_nTC_RNASeq_1.33.pair2.fastq.gz
S00GECB3	data/fastq/T-cells/_EGAR00001325188_McGill_rna-seq_S00GEC_nTC_RNASeq_1_run2506_6_S00GEC_nTC_RNASeq_1.33.pair1.fastq.gz	data/fastq/T-cells/_EGAR00001325188_McGill_rna-seq_S00GEC_nTC_RNASeq_1_run2506_6_S00GEC_nTC_RNASeq_1.33.pair2.fastq.gz
S00GSLB3	data/fastq/T-cells/_EGAR00001325189_McGill_rna-seq_S00GSL_nTC_RNASeq_1_run2515_4_S00GSL_nTC_RNASeq_1.33.pair1.fastq.gz	data/fastq/T-cells/_EGAR00001325189_McGill_rna-seq_S00GSL_nTC_RNASeq_1_run2515_4_S00GSL_nTC_RNASeq_1.33.pair2.fastq.gz
S00GWDB3	data/fastq/T-cells/_EGAR00001325190_McGill_rna-seq_S00GWD_nTC_RNASeq_1_run2504_6_S00GWD_nTC_RNASeq_1.33.pair1.fastq.gz	data/fastq/T-cells/_EGAR00001325190_McGill_rna-seq_S00GWD_nTC_RNASeq_1_run2504_6_S00GWD_nTC_RNASeq_1.33.pair2.fastq.gz
S00H5QB5	data/fastq/T-cells/_EGAR00001325191_McGill_rna-seq_S00H5Q_nTC_RNASeq_1_run2504_7_S00H5Q_nTC_RNASeq_1.33.pair1.fastq.gz	data/fastq/T-cells/_EGAR00001325191_McGill_rna-seq_S00H5Q_nTC_RNASeq_1_run2504_7_S00H5Q_nTC_RNASeq_1.33.pair2.fastq.gz
S00HE8B3	data/fastq/T-cells/_EGAR00001325192_McGill_rna-seq_S00HE8_nTC_RNASeq_1_run2505_2_S00HE8_nTC_RNASeq_1.33.pair1.fastq.gz	data/fastq/T-cells/_EGAR00001325192_McGill_rna-seq_S00HE8_nTC_RNASeq_1_run2505_2_S00HE8_nTC_RNASeq_1.33.pair2.fastq.gz
S00HVBB3	data/fastq/T-cells/_EGAR00001325193_McGill_rna-seq_S00HVB_nTC_RNASeq_1_run2505_5_S00HVB_nTC_RNASeq_1.33.pair1.fastq.gz	data/fastq/T-cells/_EGAR00001325193_McGill_rna-seq_S00HVB_nTC_RNASeq_1_run2505_5_S00HVB_nTC_RNASeq_1.33.pair2.fastq.gz
S00J5IB3	data/fastq/T-cells/_EGAR00001325195_McGill_rna-seq_S00J5I_nTC_RNASeq_1_run2506_3_S00J5I_nTC_RNASeq_1.33.pair1.fastq.gz	data/fastq/T-cells/_EGAR00001325195_McGill_rna-seq_S00J5I_nTC_RNASeq_1_run2506_3_S00J5I_nTC_RNASeq_1.33.pair2.fastq.gz
S00J9AB3	data/fastq/T-cells/_EGAR00001325196_McGill_rna-seq_S00J9A_nTC_RNASeq_1_run2506_6_S00J9A_nTC_RNASeq_1.33.pair1.fastq.gz	data/fastq/T-cells/_EGAR00001325196_McGill_rna-seq_S00J9A_nTC_RNASeq_1_run2506_6_S00J9A_nTC_RNASeq_1.33.pair2.fastq.gz
S00JA8B3	data/fastq/T-cells/_EGAR00001325197_McGill_rna-seq_S00JA8_nTC_RNASeq_1_run2515_4_S00JA8_nTC_RNASeq_1.33.pair1.fastq.gz	data/fastq/T-cells/_EGAR00001325197_McGill_rna-seq_S00JA8_nTC_RNASeq_1_run2515_4_S00JA8_nTC_RNASeq_1.33.pair2.fastq.gz
S00JD2B3	data/fastq/T-cells/_EGAR00001325198_McGill_rna-seq_S00JD2_nTC_RNASeq_1_run2504_6_S00JD2_nTC_RNASeq_1.33.pair1.fastq.gz	data/fastq/T-cells/_EGAR00001325198_McGill_rna-seq_S00JD2_nTC_RNASeq_1_run2504_6_S00JD2_nTC_RNASeq_1.33.pair2.fastq.gz
S00JT7B1	data/fastq/T-cells/_EGAR00001325199_McGill_rna-seq_S00JT7_nTC_RNASeq_1_run2504_7_S00JT7_nTC_RNASeq_1.33.pair1.fastq.gz	data/fastq/T-cells/_EGAR00001325199_McGill_rna-seq_S00JT7_nTC_RNASeq_1_run2504_7_S00JT7_nTC_RNASeq_1.33.pair2.fastq.gz
S00JU5B1	data/fastq/T-cells/_EGAR00001325200_McGill_rna-seq_S00JU5_nTC_RNASeq_1_run2505_3_S00JU5_nTC_RNASeq_1.33.pair1.fastq.gz	data/fastq/T-cells/_EGAR00001325200_McGill_rna-seq_S00JU5_nTC_RNASeq_1_run2505_3_S00JU5_nTC_RNASeq_1.33.pair2.fastq.gz
S00JV3B1	data/fastq/T-cells/_EGAR00001325201_McGill_rna-seq_S00JV3_nTC_RNASeq_1_run2505_6_S00JV3_nTC_RNASeq_1.33.pair1.fastq.gz	data/fastq/T-cells/_EGAR00001325201_McGill_rna-seq_S00JV3_nTC_RNASeq_1_run2505_6_S00JV3_nTC_RNASeq_1.33.pair2.fastq.gz
S00JYYB4	data/fastq/T-cells/_EGAR00001325202_McGill_rna-seq_S00JYY_nTC_RNASeq_1_run2506_1_S00JYY_nTC_RNASeq_1.33.pair1.fastq.gz	data/fastq/T-cells/_EGAR00001325202_McGill_rna-seq_S00JYY_nTC_RNASeq_1_run2506_1_S00JYY_nTC_RNASeq_1.33.pair2.fastq.gz
S00K0OB4	data/fastq/T-cells/_EGAR00001325203_McGill_rna-seq_S00K0O_nTC_RNASeq_1_run2506_4_S00K0O_nTC_RNASeq_1.33.pair1.fastq.gz	data/fastq/T-cells/_EGAR00001325203_McGill_rna-seq_S00K0O_nTC_RNASeq_1_run2506_4_S00K0O_nTC_RNASeq_1.33.pair2.fastq.gz
S00KEXB5	data/fastq/T-cells/_EGAR00001325204_McGill_rna-seq_S00KEX_nTC_RNASeq_1_run2506_7_S00KEX_nTC_RNASeq_1.33.pair1.fastq.gz	data/fastq/T-cells/_EGAR00001325204_McGill_rna-seq_S00KEX_nTC_RNASeq_1_run2506_7_S00KEX_nTC_RNASeq_1.33.pair2.fastq.gz
S00KKLB4	data/fastq/T-cells/_EGAR00001325205_McGill_rna-seq_S00KKL_nTC_RNASeq_1_run2506_1_S00KKL_nTC_RNASeq_1.33.pair1.fastq.gz	data/fastq/T-cells/_EGAR00001325205_McGill_rna-seq_S00KKL_nTC_RNASeq_1_run2506_1_S00KKL_nTC_RNASeq_1.33.pair2.fastq.gz
S00M1EB3	data/fastq/T-cells/_EGAR00001325206_McGill_rna-seq_S00M1E_nTC_RNASeq_1_run2506_4_S00M1E_nTC_RNASeq_1.33.pair1.fastq.gz	data/fastq/T-cells/_EGAR00001325206_McGill_rna-seq_S00M1E_nTC_RNASeq_1_run2506_4_S00M1E_nTC_RNASeq_1.33.pair2.fastq.gz
S00M2CB3	data/fastq/T-cells/_EGAR00001325207_McGill_rna-seq_S00M2C_nTC_RNASeq_1_run2504_6_S00M2C_nTC_RNASeq_1.33.pair1.fastq.gz	data/fastq/T-cells/_EGAR00001325207_McGill_rna-seq_S00M2C_nTC_RNASeq_1_run2504_6_S00M2C_nTC_RNASeq_1.33.pair2.fastq.gz
S00M48B3	data/fastq/T-cells/_EGAR00001325208_McGill_rna-seq_S00M48_nTC_RNASeq_1_run2504_8_S00M48_nTC_RNASeq_1.33.pair1.fastq.gz	data/fastq/T-cells/_EGAR00001325208_McGill_rna-seq_S00M48_nTC_RNASeq_1_run2504_8_S00M48_nTC_RNASeq_1.33.pair2.fastq.gz
S00M80B3	data/fastq/T-cells/_EGAR00001325209_McGill_rna-seq_S00M80_nTC_RNASeq_1_run2505_3_S00M80_nTC_RNASeq_1.33.pair1.fastq.gz	data/fastq/T-cells/_EGAR00001325209_McGill_rna-seq_S00M80_nTC_RNASeq_1_run2505_3_S00M80_nTC_RNASeq_1.33.pair2.fastq.gz
S00MBVB3	data/fastq/T-cells/_EGAR00001325210_McGill_rna-seq_S00MBV_nTC_RNASeq_1_run2506_7_S00MBV_nTC_RNASeq_1.33.pair1.fastq.gz	data/fastq/T-cells/_EGAR00001325210_McGill_rna-seq_S00MBV_nTC_RNASeq_1_run2506_7_S00MBV_nTC_RNASeq_1.33.pair2.fastq.gz
S00N52B3	data/fastq/T-cells/_EGAR00001325212_McGill_rna-seq_S00N52_nTC_RNASeq_1_run2505_6_S00N52_nTC_RNASeq_1.33.pair1.fastq.gz	data/fastq/T-cells/_EGAR00001325212_McGill_rna-seq_S00N52_nTC_RNASeq_1_run2505_6_S00N52_nTC_RNASeq_1.33.pair2.fastq.gz
S00N7ZB3	data/fastq/T-cells/_EGAR00001325213_McGill_rna-seq_S00N7Z_nTC_RNASeq_1_run2506_1_S00N7Z_nTC_RNASeq_1.33.pair1.fastq.gz	data/fastq/T-cells/_EGAR00001325213_McGill_rna-seq_S00N7Z_nTC_RNASeq_1_run2506_1_S00N7Z_nTC_RNASeq_1.33.pair2.fastq.gz
S00NHFB4	data/fastq/T-cells/_EGAR00001325214_McGill_rna-seq_S00NHF_nTC_RNASeq_1_run2506_4_S00NHF_nTC_RNASeq_1.33.pair1.fastq.gz	data/fastq/T-cells/_EGAR00001325214_McGill_rna-seq_S00NHF_nTC_RNASeq_1_run2506_4_S00NHF_nTC_RNASeq_1.33.pair2.fastq.gz
S00NQYB3	data/fastq/T-cells/_EGAR00001325215_McGill_rna-seq_S00NQY_nTC_RNASeq_1_run2516_1_S00NQY_nTC_RNASeq_1.33.pair1.fastq.gz	data/fastq/T-cells/_EGAR00001325215_McGill_rna-seq_S00NQY_nTC_RNASeq_1_run2516_1_S00NQY_nTC_RNASeq_1.33.pair2.fastq.gz
S00NUQB3	data/fastq/T-cells/_EGAR00001325216_McGill_rna-seq_S00NUQ_nTC_RNASeq_1_run2506_7_S00NUQ_nTC_RNASeq_1.33.pair1.fastq.gz	data/fastq/T-cells/_EGAR00001325216_McGill_rna-seq_S00NUQ_nTC_RNASeq_1_run2506_7_S00NUQ_nTC_RNASeq_1.33.pair2.fastq.gz
S00NVOB3	data/fastq/T-cells/_EGAR00001325217_McGill_rna-seq_S00NVO_nTC_RNASeq_1_run2515_5_S00NVO_nTC_RNASeq_1.33.pair1.fastq.gz	data/fastq/T-cells/_EGAR00001325217_McGill_rna-seq_S00NVO_nTC_RNASeq_1_run2515_5_S00NVO_nTC_RNASeq_1.33.pair2.fastq.gz
S00NWMB3	data/fastq/T-cells/_EGAR00001325218_McGill_rna-seq_S00NWM_nTC_RNASeq_1_run2504_7_S00NWM_nTC_RNASeq_1.33.pair1.fastq.gz	data/fastq/T-cells/_EGAR00001325218_McGill_rna-seq_S00NWM_nTC_RNASeq_1_run2504_7_S00NWM_nTC_RNASeq_1.33.pair2.fastq.gz
S00NXKB4	data/fastq/T-cells/_EGAR00001325219_McGill_rna-seq_S00NXK_nTC_RNASeq_1_run2505_1_S00NXK_nTC_RNASeq_1.33.pair1.fastq.gz	data/fastq/T-cells/_EGAR00001325219_McGill_rna-seq_S00NXK_nTC_RNASeq_1_run2505_1_S00NXK_nTC_RNASeq_1.33.pair2.fastq.gz
S00P04B3	data/fastq/T-cells/_EGAR00001325220_McGill_rna-seq_S00P04_nTC_RNASeq_1_run2505_4_S00P04_nTC_RNASeq_1.33.pair1.fastq.gz	data/fastq/T-cells/_EGAR00001325220_McGill_rna-seq_S00P04_nTC_RNASeq_1_run2505_4_S00P04_nTC_RNASeq_1.33.pair2.fastq.gz
S00P20B4	data/fastq/T-cells/_EGAR00001325221_McGill_rna-seq_S00P20_nTC_RNASeq_1_run2505_7_S00P20_nTC_RNASeq_1.33.pair1.fastq.gz	data/fastq/T-cells/_EGAR00001325221_McGill_rna-seq_S00P20_nTC_RNASeq_1_run2505_7_S00P20_nTC_RNASeq_1.33.pair2.fastq.gz
S00P4XB3	data/fastq/T-cells/_EGAR00001325222_McGill_rna-seq_S00P4X_nTC_RNASeq_1_run2505_1_S00P4X_nTC_RNASeq_1.33.pair1.fastq.gz	data/fastq/T-cells/_EGAR00001325222_McGill_rna-seq_S00P4X_nTC_RNASeq_1_run2505_1_S00P4X_nTC_RNASeq_1.33.pair2.fastq.gz
S00P8PB1	data/fastq/T-cells/_EGAR00001325224_McGill_rna-seq_S00P8P_nTC_RNASeq_1_run2505_7_S00P8P_nTC_RNASeq_1.33.pair1.fastq.gz	data/fastq/T-cells/_EGAR00001325224_McGill_rna-seq_S00P8P_nTC_RNASeq_1_run2505_7_S00P8P_nTC_RNASeq_1.33.pair2.fastq.gz
S00PBJB3	data/fastq/T-cells/_EGAR00001325225_McGill_rna-seq_S00PBJ_nTC_RNASeq_1_run2506_2_S00PBJ_nTC_RNASeq_1.33.pair1.fastq.gz	data/fastq/T-cells/_EGAR00001325225_McGill_rna-seq_S00PBJ_nTC_RNASeq_1_run2506_2_S00PBJ_nTC_RNASeq_1.33.pair2.fastq.gz
S00PCHB3	data/fastq/T-cells/_EGAR00001325226_McGill_rna-seq_S00PCH_nTC_RNASeq_1_run2506_5_S00PCH_nTC_RNASeq_1.33.pair1.fastq.gz	data/fastq/T-cells/_EGAR00001325226_McGill_rna-seq_S00PCH_nTC_RNASeq_1_run2506_5_S00PCH_nTC_RNASeq_1.33.pair2.fastq.gz
S00PDFB3	data/fastq/T-cells/_EGAR00001325227_McGill_rna-seq_S00PDF_nTC_RNASeq_1_run2506_8_S00PDF_nTC_RNASeq_1.33.pair1.fastq.gz	data/fastq/T-cells/_EGAR00001325227_McGill_rna-seq_S00PDF_nTC_RNASeq_1_run2506_8_S00PDF_nTC_RNASeq_1.33.pair2.fastq.gz
S00PEDB3	data/fastq/T-cells/_EGAR00001325228_McGill_rna-seq_S00PED_nTC_RNASeq_1_run2515_6_S00PED_nTC_RNASeq_1.33.pair1.fastq.gz	data/fastq/T-cells/_EGAR00001325228_McGill_rna-seq_S00PED_nTC_RNASeq_1_run2515_6_S00PED_nTC_RNASeq_1.33.pair2.fastq.gz
S00PK1B4	data/fastq/T-cells/_EGAR00001325229_McGill_rna-seq_S00PK1_nTC_RNASeq_1_run2504_7_S00PK1_nTC_RNASeq_1.33.pair1.fastq.gz	data/fastq/T-cells/_EGAR00001325229_McGill_rna-seq_S00PK1_nTC_RNASeq_1_run2504_7_S00PK1_nTC_RNASeq_1.33.pair2.fastq.gz
S00PQQB3	data/fastq/T-cells/_EGAR00001325230_McGill_rna-seq_S00PQQ_nTC_RNASeq_1_run2505_1_S00PQQ_nTC_RNASeq_1.33.pair1.fastq.gz	data/fastq/T-cells/_EGAR00001325230_McGill_rna-seq_S00PQQ_nTC_RNASeq_1_run2505_1_S00PQQ_nTC_RNASeq_1.33.pair2.fastq.gz
S00PVGB3	data/fastq/T-cells/_EGAR00001325232_McGill_rna-seq_S00PWE_nTC_RNASeq_1_run2505_7_S00PWE_nTC_RNASeq_1.33.pair1.fastq.gz	data/fastq/T-cells/_EGAR00001325232_McGill_rna-seq_S00PWE_nTC_RNASeq_1_run2505_7_S00PWE_nTC_RNASeq_1.33.pair2.fastq.gz
S00PWEB3	data/fastq/T-cells/_EGAR00001325231_McGill_rna-seq_S00PVG_nTC_RNASeq_1_run2505_4_S00PVG_nTC_RNASeq_1.33.pair1.fastq.gz	data/fastq/T-cells/_EGAR00001325231_McGill_rna-seq_S00PVG_nTC_RNASeq_1_run2505_4_S00PVG_nTC_RNASeq_1.33.pair2.fastq.gz
S00PYAB1	data/fastq/T-cells/_EGAR00001325233_McGill_rna-seq_S00PYA_nTC_RNASeq_1_run2506_2_S00PYA_nTC_RNASeq_1.33.pair1.fastq.gz	data/fastq/T-cells/_EGAR00001325233_McGill_rna-seq_S00PYA_nTC_RNASeq_1_run2506_2_S00PYA_nTC_RNASeq_1.33.pair2.fastq.gz
S00Q00B3	data/fastq/T-cells/_EGAR00001325234_McGill_rna-seq_S00Q00_nTC_RNASeq_1_run2506_2_S00Q00_nTC_RNASeq_1.33.pair1.fastq.gz	data/fastq/T-cells/_EGAR00001325234_McGill_rna-seq_S00Q00_nTC_RNASeq_1_run2506_2_S00Q00_nTC_RNASeq_1.33.pair2.fastq.gz
S00Q4TB5	data/fastq/T-cells/_EGAR00001325235_McGill_rna-seq_S00Q4T_nTC_RNASeq_1_run2506_5_S00Q4T_nTC_RNASeq_1.33.pair1.fastq.gz	data/fastq/T-cells/_EGAR00001325235_McGill_rna-seq_S00Q4T_nTC_RNASeq_1_run2506_5_S00Q4T_nTC_RNASeq_1.33.pair2.fastq.gz
S00Q5RB3	data/fastq/T-cells/_EGAR00001325236_McGill_rna-seq_S00Q5R_nTC_RNASeq_1_run2506_5_S00Q5R_nTC_RNASeq_1.33.pair1.fastq.gz	data/fastq/T-cells/_EGAR00001325236_McGill_rna-seq_S00Q5R_nTC_RNASeq_1_run2506_5_S00Q5R_nTC_RNASeq_1.33.pair2.fastq.gz
S00Q6PB3	data/fastq/T-cells/_EGAR00001325237_McGill_rna-seq_S00Q6P_nTC_RNASeq_1_run2506_8_S00Q6P_nTC_RNASeq_1.33.pair1.fastq.gz	data/fastq/T-cells/_EGAR00001325237_McGill_rna-seq_S00Q6P_nTC_RNASeq_1_run2506_8_S00Q6P_nTC_RNASeq_1.33.pair2.fastq.gz
S00QE9B6	data/fastq/T-cells/_EGAR00001325238_McGill_rna-seq_S00QE9_nTC_RNASeq_1_run2506_8_S00QE9_nTC_RNASeq_1.33.pair1.fastq.gz	data/fastq/T-cells/_EGAR00001325238_McGill_rna-seq_S00QE9_nTC_RNASeq_1_run2506_8_S00QE9_nTC_RNASeq_1.33.pair2.fastq.gz
S00QPOB5	data/fastq/T-cells/_EGAR00001325239_McGill_rna-seq_S00QPO_nTC_RNASeq_1_run2515_6_S00QPO_nTC_RNASeq_1.33.pair1.fastq.gz	data/fastq/T-cells/_EGAR00001325239_McGill_rna-seq_S00QPO_nTC_RNASeq_1_run2515_6_S00QPO_nTC_RNASeq_1.33.pair2.fastq.gz
S00QQMB6	data/fastq/T-cells/_EGAR00001325240_McGill_rna-seq_S00QQM_nTC_RNASeq_1_run2516_2_S00QQM_nTC_RNASeq_1.33.pair1.fastq.gz	data/fastq/T-cells/_EGAR00001325240_McGill_rna-seq_S00QQM_nTC_RNASeq_1_run2516_2_S00QQM_nTC_RNASeq_1.33.pair2.fastq.gz
S00QRKB5	data/fastq/T-cells/_EGAR00001325241_McGill_rna-seq_S00QRK_nTC_RNASeq_1_run2505_1_S00QRK_nTC_RNASeq_1.33.pair1.fastq.gz	data/fastq/T-cells/_EGAR00001325241_McGill_rna-seq_S00QRK_nTC_RNASeq_1_run2505_1_S00QRK_nTC_RNASeq_1.33.pair2.fastq.gz
S00QTGB3	data/fastq/T-cells/_EGAR00001325242_McGill_rna-seq_S00QTG_nTC_RNASeq_1_run2505_4_S00QTG_nTC_RNASeq_1.33.pair1.fastq.gz	data/fastq/T-cells/_EGAR00001325242_McGill_rna-seq_S00QTG_nTC_RNASeq_1_run2505_4_S00QTG_nTC_RNASeq_1.33.pair2.fastq.gz
S00QWAB3	data/fastq/T-cells/_EGAR00001325243_McGill_rna-seq_S00QWA_nTC_RNASeq_1_run2505_7_S00QWA_nTC_RNASeq_1.33.pair1.fastq.gz	data/fastq/T-cells/_EGAR00001325243_McGill_rna-seq_S00QWA_nTC_RNASeq_1_run2505_7_S00QWA_nTC_RNASeq_1.33.pair2.fastq.gz
S00R0XB3	data/fastq/T-cells/_EGAR00001325245_McGill_rna-seq_S00R0X_nTC_RNASeq_1_run2506_8_S00R0X_nTC_RNASeq_1.33.pair1.fastq.gz	data/fastq/T-cells/_EGAR00001325245_McGill_rna-seq_S00R0X_nTC_RNASeq_1_run2506_8_S00R0X_nTC_RNASeq_1.33.pair2.fastq.gz
S00R1VB3	data/fastq/T-cells/_EGAR00001325246_McGill_rna-seq_S00R1V_nTC_RNASeq_1_run2515_6_S00R1V_nTC_RNASeq_1.33.pair1.fastq.gz	data/fastq/T-cells/_EGAR00001325246_McGill_rna-seq_S00R1V_nTC_RNASeq_1_run2515_6_S00R1V_nTC_RNASeq_1.33.pair2.fastq.gz
S00R9FB3	data/fastq/T-cells/_EGAR00001325247_McGill_rna-seq_S00R9F_nTC_RNASeq_1_run2516_2_S00R9F_nTC_RNASeq_1.33.pair1.fastq.gz	data/fastq/T-cells/_EGAR00001325247_McGill_rna-seq_S00R9F_nTC_RNASeq_1_run2516_2_S00R9F_nTC_RNASeq_1.33.pair2.fastq.gz
S00RADB1	data/fastq/T-cells/_EGAR00001325248_McGill_rna-seq_S00RAD_nTC_RNASeq_1_run2515_7_S00RAD_nTC_RNASeq_1.33.pair1.fastq.gz	data/fastq/T-cells/_EGAR00001325248_McGill_rna-seq_S00RAD_nTC_RNASeq_1_run2515_7_S00RAD_nTC_RNASeq_1.33.pair2.fastq.gz
S00RBBB3	data/fastq/T-cells/_EGAR00001325249_McGill_rna-seq_S00RBB_nTC_RNASeq_1_run2506_5_S00RBB_nTC_RNASeq_1.33.pair1.fastq.gz	data/fastq/T-cells/_EGAR00001325249_McGill_rna-seq_S00RBB_nTC_RNASeq_1_run2506_5_S00RBB_nTC_RNASeq_1.33.pair2.fastq.gz
S00RC9B3	data/fastq/T-cells/_EGAR00001325250_McGill_rna-seq_S00RC9_nTC_RNASeq_1_run2516_2_S00RC9_nTC_RNASeq_1.33.pair1.fastq.gz	data/fastq/T-cells/_EGAR00001325250_McGill_rna-seq_S00RC9_nTC_RNASeq_1_run2516_2_S00RC9_nTC_RNASeq_1.33.pair2.fastq.gz
S00RD7B1	data/fastq/T-cells/_EGAR00001325251_McGill_rna-seq_S00RD7_nTC_RNASeq_1_run2515_6_S00RD7_nTC_RNASeq_1.33.pair1.fastq.gz	data/fastq/T-cells/_EGAR00001325251_McGill_rna-seq_S00RD7_nTC_RNASeq_1_run2515_6_S00RD7_nTC_RNASeq_1.33.pair2.fastq.gz
S00RMQB1	data/fastq/T-cells/_EGAR00001325252_McGill_rna-seq_S00RMQ_nTC_RNASeq_1_run2505_2_S00RMQ_nTC_RNASeq_1.33.pair1.fastq.gz	data/fastq/T-cells/_EGAR00001325252_McGill_rna-seq_S00RMQ_nTC_RNASeq_1_run2505_2_S00RMQ_nTC_RNASeq_1.33.pair2.fastq.gz
S00S2PB3	data/fastq/T-cells/_EGAR00001325253_McGill_rna-seq_S00S2P_nTC_RNASeq_1_run2516_3_S00S2P_nTC_RNASeq_1.33.pair1.fastq.gz	data/fastq/T-cells/_EGAR00001325253_McGill_rna-seq_S00S2P_nTC_RNASeq_1_run2516_3_S00S2P_nTC_RNASeq_1.33.pair2.fastq.gz
S00S4LB3	data/fastq/T-cells/_EGAR00001325254_McGill_rna-seq_S00S4L_nTC_RNASeq_1_run2515_4_S00S4L_nTC_RNASeq_1.33.pair1.fastq.gz	data/fastq/T-cells/_EGAR00001325254_McGill_rna-seq_S00S4L_nTC_RNASeq_1_run2515_4_S00S4L_nTC_RNASeq_1.33.pair2.fastq.gz
S00S7FB4	data/fastq/T-cells/_EGAR00001325255_McGill_rna-seq_S00S7F_nTC_RNASeq_1_run2515_7_S00S7F_nTC_RNASeq_1.33.pair1.fastq.gz	data/fastq/T-cells/_EGAR00001325255_McGill_rna-seq_S00S7F_nTC_RNASeq_1_run2515_7_S00S7F_nTC_RNASeq_1.33.pair2.fastq.gz
S00SE1B3	data/fastq/T-cells/_EGAR00001325256_McGill_rna-seq_S00SE1_nTC_RNASeq_1_run2505_5_S00SE1_nTC_RNASeq_1.33.pair1.fastq.gz	data/fastq/T-cells/_EGAR00001325256_McGill_rna-seq_S00SE1_nTC_RNASeq_1_run2505_5_S00SE1_nTC_RNASeq_1.33.pair2.fastq.gz
S00SHWB3	data/fastq/T-cells/_EGAR00001325257_McGill_rna-seq_S00SHW_nTC_RNASeq_1_run2504_8_S00SHW_nTC_RNASeq_1.33.pair1.fastq.gz	data/fastq/T-cells/_EGAR00001325257_McGill_rna-seq_S00SHW_nTC_RNASeq_1_run2504_8_S00SHW_nTC_RNASeq_1.33.pair2.fastq.gz
S00SMMB3	data/fastq/T-cells/_EGAR00001325258_McGill_rna-seq_S00SMM_nTC_RNASeq_1_run2505_8_S00SMM_nTC_RNASeq_1.33.pair1.fastq.gz	data/fastq/T-cells/_EGAR00001325258_McGill_rna-seq_S00SMM_nTC_RNASeq_1_run2505_8_S00SMM_nTC_RNASeq_1.33.pair2.fastq.gz
S00SPGB3	data/fastq/T-cells/_EGAR00001325259_McGill_rna-seq_S00SPG_nTC_RNASeq_1_run2505_3_S00SPG_nTC_RNASeq_1.33.pair1.fastq.gz	data/fastq/T-cells/_EGAR00001325259_McGill_rna-seq_S00SPG_nTC_RNASeq_1_run2505_3_S00SPG_nTC_RNASeq_1.33.pair2.fastq.gz
S00SV4B3	data/fastq/T-cells/_EGAR00001325260_McGill_rna-seq_S00SV4_nTC_RNASeq_1_run2505_6_S00SV4_nTC_RNASeq_1.33.pair1.fastq.gz	data/fastq/T-cells/_EGAR00001325260_McGill_rna-seq_S00SV4_nTC_RNASeq_1_run2505_6_S00SV4_nTC_RNASeq_1.33.pair2.fastq.gz
S00SYZB4	data/fastq/T-cells/_EGAR00001325261_McGill_rna-seq_S00SYZ_nTC_RNASeq_1_run2506_1_S00SYZ_nTC_RNASeq_1.33.pair1.fastq.gz	data/fastq/T-cells/_EGAR00001325261_McGill_rna-seq_S00SYZ_nTC_RNASeq_1_run2506_1_S00SYZ_nTC_RNASeq_1.33.pair2.fastq.gz
S00T4HB3	data/fastq/T-cells/_EGAR00001325262_McGill_rna-seq_S00T4H_nTC_RNASeq_1_run2506_4_S00T4H_nTC_RNASeq_1.33.pair1.fastq.gz	data/fastq/T-cells/_EGAR00001325262_McGill_rna-seq_S00T4H_nTC_RNASeq_1_run2506_4_S00T4H_nTC_RNASeq_1.33.pair2.fastq.gz
S00T6DB3	data/fastq/T-cells/_EGAR00001325263_McGill_rna-seq_S00T6D_nTC_RNASeq_1_run2506_7_S00T6D_nTC_RNASeq_1.33.pair1.fastq.gz	data/fastq/T-cells/_EGAR00001325263_McGill_rna-seq_S00T6D_nTC_RNASeq_1_run2506_7_S00T6D_nTC_RNASeq_1.33.pair2.fastq.gz
S00TA5B3	data/fastq/T-cells/_EGAR00001325264_McGill_rna-seq_S00TA5_nTC_RNASeq_1_run2515_5_S00TA5_nTC_RNASeq_1.33.pair1.fastq.gz	data/fastq/T-cells/_EGAR00001325264_McGill_rna-seq_S00TA5_nTC_RNASeq_1_run2515_5_S00TA5_nTC_RNASeq_1.33.pair2.fastq.gz
S00U1JB3	data/fastq/T-cells/_EGAR00001325265_McGill_rna-seq_S00U1J_nTC_RNASeq_1_run2506_3_S00U1J_nTC_RNASeq_1.33.pair1.fastq.gz	data/fastq/T-cells/_EGAR00001325265_McGill_rna-seq_S00U1J_nTC_RNASeq_1_run2506_3_S00U1J_nTC_RNASeq_1.33.pair2.fastq.gz
S00U5BB3	data/fastq/T-cells/_EGAR00001325266_McGill_rna-seq_S00U5B_nTC_RNASeq_1_run2516_1_S00U5B_nTC_RNASeq_1.33.pair1.fastq.gz	data/fastq/T-cells/_EGAR00001325266_McGill_rna-seq_S00U5B_nTC_RNASeq_1_run2516_1_S00U5B_nTC_RNASeq_1.33.pair2.fastq.gz
S00U93B3	data/fastq/T-cells/_EGAR00001325267_McGill_rna-seq_S00U93_nTC_RNASeq_1_run2506_6_S00U93_nTC_RNASeq_1.33.pair1.fastq.gz	data/fastq/T-cells/_EGAR00001325267_McGill_rna-seq_S00U93_nTC_RNASeq_1_run2506_6_S00U93_nTC_RNASeq_1.33.pair2.fastq.gz
S00UKIB3	data/fastq/T-cells/_EGAR00001325268_McGill_rna-seq_S00UKI_nTC_RNASeq_1_run2515_4_S00UKI_nTC_RNASeq_1.33.pair1.fastq.gz	data/fastq/T-cells/_EGAR00001325268_McGill_rna-seq_S00UKI_nTC_RNASeq_1_run2515_4_S00UKI_nTC_RNASeq_1.33.pair2.fastq.gz
S00UMEB3	data/fastq/T-cells/_EGAR00001325269_McGill_rna-seq_S00UME_nTC_RNASeq_1_run2504_8_S00UME_nTC_RNASeq_1.33.pair1.fastq.gz	data/fastq/T-cells/_EGAR00001325269_McGill_rna-seq_S00UME_nTC_RNASeq_1_run2504_8_S00UME_nTC_RNASeq_1.33.pair2.fastq.gz
S00V57B3	data/fastq/T-cells/_EGAR00001325270_McGill_rna-seq_S00V57_nTC_RNASeq_1_run2505_3_S00V57_nTC_RNASeq_1.33.pair1.fastq.gz	data/fastq/T-cells/_EGAR00001325270_McGill_rna-seq_S00V57_nTC_RNASeq_1_run2505_3_S00V57_nTC_RNASeq_1.33.pair2.fastq.gz
S00V65B4	data/fastq/T-cells/_EGAR00001325271_McGill_rna-seq_S00V65_nTC_RNASeq_1_run2515_7_S00V65_nTC_RNASeq_1.33.pair1.fastq.gz	data/fastq/T-cells/_EGAR00001325271_McGill_rna-seq_S00V65_nTC_RNASeq_1_run2515_7_S00V65_nTC_RNASeq_1.33.pair2.fastq.gz
S00W29B5	data/fastq/T-cells/_EGAR00001325272_McGill_rna-seq_S00W29_nTC_RNASeq_1_run2504_8_S00W29_nTC_RNASeq_1.33.pair1.fastq.gz	data/fastq/T-cells/_EGAR00001325272_McGill_rna-seq_S00W29_nTC_RNASeq_1_run2504_8_S00W29_nTC_RNASeq_1.33.pair2.fastq.gz
S00W45B5	data/fastq/T-cells/_EGAR00001325273_McGill_rna-seq_S00W45_nTC_RNASeq_1_run2505_2_S00W45_nTC_RNASeq_1.33.pair1.fastq.gz	data/fastq/T-cells/_EGAR00001325273_McGill_rna-seq_S00W45_nTC_RNASeq_1_run2505_2_S00W45_nTC_RNASeq_1.33.pair2.fastq.gz
S00WKAB3	data/fastq/T-cells/_EGAR00001325274_McGill_rna-seq_S00WKA_nTC_RNASeq_1_run2505_5_S00WKA_nTC_RNASeq_1.33.pair1.fastq.gz	data/fastq/T-cells/_EGAR00001325274_McGill_rna-seq_S00WKA_nTC_RNASeq_1_run2505_5_S00WKA_nTC_RNASeq_1.33.pair2.fastq.gz
S00WP0B3	data/fastq/T-cells/_EGAR00001325275_McGill_rna-seq_S00WP0_nTC_RNASeq_1_run2505_8_S00WP0_nTC_RNASeq_1.33.pair1.fastq.gz	data/fastq/T-cells/_EGAR00001325275_McGill_rna-seq_S00WP0_nTC_RNASeq_1_run2505_8_S00WP0_nTC_RNASeq_1.33.pair2.fastq.gz
S00WQZB3	data/fastq/T-cells/_EGAR00001325276_McGill_rna-seq_S00WQZ_nTC_RNASeq_1_run2506_3_S00WQZ_nTC_RNASeq_1.33.pair1.fastq.gz	data/fastq/T-cells/_EGAR00001325276_McGill_rna-seq_S00WQZ_nTC_RNASeq_1_run2506_3_S00WQZ_nTC_RNASeq_1.33.pair2.fastq.gz
S00WRXB3	data/fastq/T-cells/_EGAR00001325277_McGill_rna-seq_S00WRX_nTC_RNASeq_1_run2506_6_S00WRX_nTC_RNASeq_1.33.pair1.fastq.gz	data/fastq/T-cells/_EGAR00001325277_McGill_rna-seq_S00WRX_nTC_RNASeq_1_run2506_6_S00WRX_nTC_RNASeq_1.33.pair2.fastq.gz
S00WTTB3	data/fastq/T-cells/_EGAR00001366135_mcgill_20150903_rna_seq_S00WTT_B3_nTC_RNASeq_1_run2825_1_S00WTT_B3_nTC_RNASeq_1.33.pair1.fastq.gz	data/fastq/T-cells/_EGAR00001366135_mcgill_20150903_rna_seq_S00WTT_B3_nTC_RNASeq_1_run2825_1_S00WTT_B3_nTC_RNASeq_1.33.pair2.fastq.gz
S00XGEB3	data/fastq/T-cells/_EGAR00001366136_mcgill_20150903_rna_seq_S00XGE_B3_nTC_RNASeq_1_run2804_5_S00XGE_B3_nTC_RNASeq_1.33.pair1.fastq.gz	data/fastq/T-cells/_EGAR00001366136_mcgill_20150903_rna_seq_S00XGE_B3_nTC_RNASeq_1_run2804_5_S00XGE_B3_nTC_RNASeq_1.33.pair2.fastq.gz
S00XHCB3	data/fastq/T-cells/_EGAR00001366137_mcgill_20150903_rna_seq_S00XHC_B3_nTC_RNASeq_1_run2804_6_S00XHC_B3_nTC_RNASeq_1.33.pair1.fastq.gz	data/fastq/T-cells/_EGAR00001366137_mcgill_20150903_rna_seq_S00XHC_B3_nTC_RNASeq_1_run2804_6_S00XHC_B3_nTC_RNASeq_1.33.pair2.fastq.gz
S00XK6B1	data/fastq/T-cells/_EGAR00001366138_mcgill_20150903_rna_seq_S00XK6_B1_nTC_RNASeq_1_run2804_5_S00XK6_B1_nTC_RNASeq_1.33.pair1.fastq.gz	data/fastq/T-cells/_EGAR00001366138_mcgill_20150903_rna_seq_S00XK6_B1_nTC_RNASeq_1_run2804_5_S00XK6_B1_nTC_RNASeq_1.33.pair2.fastq.gz
S00XRTB3	data/fastq/T-cells/_EGAR00001366139_mcgill_20150903_rna_seq_S00XRT_B3_nTC_RNASeq_1_run2804_4_S00XRT_B3_nTC_RNASeq_1.33.pair1.fastq.gz	data/fastq/T-cells/_EGAR00001366139_mcgill_20150903_rna_seq_S00XRT_B3_nTC_RNASeq_1_run2804_4_S00XRT_B3_nTC_RNASeq_1.33.pair2.fastq.gz
S00YBKB3	data/fastq/T-cells/_EGAR00001366140_mcgill_20150903_rna_seq_S00YBK_B3_nTC_RNASeq_1_run2804_6_S00YBK_B3_nTC_RNASeq_1.33.pair1.fastq.gz	data/fastq/T-cells/_EGAR00001366140_mcgill_20150903_rna_seq_S00YBK_B3_nTC_RNASeq_1_run2804_6_S00YBK_B3_nTC_RNASeq_1.33.pair2.fastq.gz
S00YCIB3	data/fastq/T-cells/_EGAR00001366141_mcgill_20150903_rna_seq_S00YCI_B3_nTC_RNASeq_1_run2877_2_S00YCI_B3_nTC_RNASeq_1.33.pair1.fastq.gz	data/fastq/T-cells/_EGAR00001366141_mcgill_20150903_rna_seq_S00YCI_B3_nTC_RNASeq_1_run2877_2_S00YCI_B3_nTC_RNASeq_1.33.pair2.fastq.gz
S00YEEB3	data/fastq/T-cells/_EGAR00001366142_mcgill_20150903_rna_seq_S00YEE_B3_nTC_RNASeq_1_run2804_7_S00YEE_B3_nTC_RNASeq_1.33.pair1.fastq.gz	data/fastq/T-cells/_EGAR00001366142_mcgill_20150903_rna_seq_S00YEE_B3_nTC_RNASeq_1_run2804_7_S00YEE_B3_nTC_RNASeq_1.33.pair2.fastq.gz
S00YH8B3	data/fastq/T-cells/_EGAR00001366143_mcgill_20150903_rna_seq_S00YH8_B3_nTC_RNASeq_1_run2877_4_S00YH8_B3_nTC_RNASeq_1.33.pair1.fastq.gz	data/fastq/T-cells/_EGAR00001366143_mcgill_20150903_rna_seq_S00YH8_B3_nTC_RNASeq_1_run2877_4_S00YH8_B3_nTC_RNASeq_1.33.pair2.fastq.gz
S00YK2B3	data/fastq/T-cells/_EGAR00001366144_mcgill_20150903_rna_seq_S00YK2_B3_nTC_RNASeq_1_run2825_1_S00YK2_B3_nTC_RNASeq_1.33.pair1.fastq.gz	data/fastq/T-cells/_EGAR00001366144_mcgill_20150903_rna_seq_S00YK2_B3_nTC_RNASeq_1_run2825_1_S00YK2_B3_nTC_RNASeq_1.33.pair2.fastq.gz
S00YRPB3	data/fastq/T-cells/_EGAR00001366145_mcgill_20150903_rna_seq_S00YRP_B3_nTC_RNASeq_1_run2877_4_S00YRP_B3_nTC_RNASeq_1.33.pair1.fastq.gz	data/fastq/T-cells/_EGAR00001366145_mcgill_20150903_rna_seq_S00YRP_B3_nTC_RNASeq_1_run2877_4_S00YRP_B3_nTC_RNASeq_1.33.pair2.fastq.gz
S00YVHB3	data/fastq/T-cells/_EGAR00001366146_mcgill_20150903_rna_seq_S00YVH_B3_nTC_RNASeq_1_run2804_5_S00YVH_B3_nTC_RNASeq_1.33.pair1.fastq.gz	data/fastq/T-cells/_EGAR00001366146_mcgill_20150903_rna_seq_S00YVH_B3_nTC_RNASeq_1_run2804_5_S00YVH_B3_nTC_RNASeq_1.33.pair2.fastq.gz
S0100MB3	data/fastq/T-cells/_EGAR00001366147_mcgill_20150903_rna_seq_S0100M_B3_nTC_RNASeq_1_run2877_2_S0100M_B3_nTC_RNASeq_1.33.pair1.fastq.gz	data/fastq/T-cells/_EGAR00001366147_mcgill_20150903_rna_seq_S0100M_B3_nTC_RNASeq_1_run2877_2_S0100M_B3_nTC_RNASeq_1.33.pair2.fastq.gz
S010B0B5	data/fastq/T-cells/_EGAR00001366148_mcgill_20150903_rna_seq_S010B0_B5_nTC_RNASeq_1_run2804_7_S010B0_B5_nTC_RNASeq_1.33.pair1.fastq.gz	data/fastq/T-cells/_EGAR00001366148_mcgill_20150903_rna_seq_S010B0_B5_nTC_RNASeq_1_run2804_7_S010B0_B5_nTC_RNASeq_1.33.pair2.fastq.gz
S010MFB4	data/fastq/T-cells/_EGAR00001366149_mcgill_20150903_rna_seq_S010MF_B4_nTC_RNASeq_1_run2804_7_S010MF_B4_nTC_RNASeq_1.33.pair1.fastq.gz	data/fastq/T-cells/_EGAR00001366149_mcgill_20150903_rna_seq_S010MF_B4_nTC_RNASeq_1_run2804_7_S010MF_B4_nTC_RNASeq_1.33.pair2.fastq.gz
S010P9B3	data/fastq/T-cells/_EGAR00001366150_mcgill_20150903_rna_seq_S010P9_B3_nTC_RNASeq_1_run2877_2_S010P9_B3_nTC_RNASeq_1.33.pair1.fastq.gz	data/fastq/T-cells/_EGAR00001366150_mcgill_20150903_rna_seq_S010P9_B3_nTC_RNASeq_1_run2877_2_S010P9_B3_nTC_RNASeq_1.33.pair2.fastq.gz
S010VYB3	data/fastq/T-cells/_EGAR00001366151_mcgill_20150903_rna_seq_S010VY_B3_nTC_RNASeq_1_run2804_7_S010VY_B3_nTC_RNASeq_1.33.pair1.fastq.gz	data/fastq/T-cells/_EGAR00001366151_mcgill_20150903_rna_seq_S010VY_B3_nTC_RNASeq_1_run2804_7_S010VY_B3_nTC_RNASeq_1.33.pair2.fastq.gz
S011AZB3	data/fastq/T-cells/_EGAR00001366152_mcgill_20150903_rna_seq_S011AZ_B3_nTC_RNASeq_1_run2877_3_S011AZ_B3_nTC_RNASeq_1.33.pair1.fastq.gz	data/fastq/T-cells/_EGAR00001366152_mcgill_20150903_rna_seq_S011AZ_B3_nTC_RNASeq_1_run2877_3_S011AZ_B3_nTC_RNASeq_1.33.pair2.fastq.gz
S011DTB4	data/fastq/T-cells/_EGAR00001366153_mcgill_20150903_rna_seq_S011DT_B4_nTC_RNASeq_1_run2804_6_S011DT_B4_nTC_RNASeq_1.33.pair1.fastq.gz	data/fastq/T-cells/_EGAR00001366153_mcgill_20150903_rna_seq_S011DT_B4_nTC_RNASeq_1_run2804_6_S011DT_B4_nTC_RNASeq_1.33.pair2.fastq.gz
S011ERB3	data/fastq/T-cells/_EGAR00001366154_mcgill_20150903_rna_seq_S011ER_B3_nTC_RNASeq_1_run2804_6_S011ER_B3_nTC_RNASeq_1.33.pair1.fastq.gz	data/fastq/T-cells/_EGAR00001366154_mcgill_20150903_rna_seq_S011ER_B3_nTC_RNASeq_1_run2804_6_S011ER_B3_nTC_RNASeq_1.33.pair2.fastq.gz
S011HLB3	data/fastq/T-cells/_EGAR00001366155_mcgill_20150903_rna_seq_S011HL_B3_nTC_RNASeq_1_run2877_4_S011HL_B3_nTC_RNASeq_1.33.pair1.fastq.gz	data/fastq/T-cells/_EGAR00001366155_mcgill_20150903_rna_seq_S011HL_B3_nTC_RNASeq_1_run2877_4_S011HL_B3_nTC_RNASeq_1.33.pair2.fastq.gz
S011JHB1	data/fastq/T-cells/_EGAR00001366156_mcgill_20150903_rna_seq_S011JH_B1_nTC_RNASeq_1_run2804_4_S011JH_B1_nTC_RNASeq_1.33.pair1.fastq.gz	data/fastq/T-cells/_EGAR00001366156_mcgill_20150903_rna_seq_S011JH_B1_nTC_RNASeq_1_run2804_4_S011JH_B1_nTC_RNASeq_1.33.pair2.fastq.gz
S011UWB3	data/fastq/T-cells/_EGAR00001366157_mcgill_20150903_rna_seq_S011UW_B3_nTC_RNASeq_1_run2877_3_S011UW_B3_nTC_RNASeq_1.33.pair1.fastq.gz	data/fastq/T-cells/_EGAR00001366157_mcgill_20150903_rna_seq_S011UW_B3_nTC_RNASeq_1_run2877_3_S011UW_B3_nTC_RNASeq_1.33.pair2.fastq.gz
S01238B3	data/fastq/T-cells/_EGAR00001366158_mcgill_20150903_rna_seq_S01238_B3_nTC_RNASeq_1_run2804_4_S01238_B3_nTC_RNASeq_1.33.pair1.fastq.gz	data/fastq/T-cells/_EGAR00001366158_mcgill_20150903_rna_seq_S01238_B3_nTC_RNASeq_1_run2804_4_S01238_B3_nTC_RNASeq_1.33.pair2.fastq.gz
S01246B3	data/fastq/T-cells/_EGAR00001366159_mcgill_20150903_rna_seq_S01246_B3_nTC_RNASeq_1_run2877_2_S01246_B3_nTC_RNASeq_1.33.pair1.fastq.gz	data/fastq/T-cells/_EGAR00001366159_mcgill_20150903_rna_seq_S01246_B3_nTC_RNASeq_1_run2877_2_S01246_B3_nTC_RNASeq_1.33.pair2.fastq.gz
S0130AB1	data/fastq/T-cells/_EGAR00001366160_mcgill_20150903_rna_seq_S0130A_B1_nTC_RNASeq_1_run2804_5_S0130A_B1_nTC_RNASeq_1.33.pair1.fastq.gz	data/fastq/T-cells/_EGAR00001366160_mcgill_20150903_rna_seq_S0130A_B1_nTC_RNASeq_1_run2804_5_S0130A_B1_nTC_RNASeq_1.33.pair2.fastq.gz
S01342B3	data/fastq/T-cells/_EGAR00001366161_mcgill_20150903_rna_seq_S01342_B3_nTC_RNASeq_1_run2804_8_S01342_B3_nTC_RNASeq_1.33.pair1.fastq.gz	data/fastq/T-cells/_EGAR00001366161_mcgill_20150903_rna_seq_S01342_B3_nTC_RNASeq_1_run2804_8_S01342_B3_nTC_RNASeq_1.33.pair2.fastq.gz
S0137XB3	data/fastq/T-cells/_EGAR00001366162_mcgill_20150903_rna_seq_S0137X_B3_nTC_RNASeq_1_run2877_4_S0137X_B3_nTC_RNASeq_1.33.pair1.fastq.gz	data/fastq/T-cells/_EGAR00001366162_mcgill_20150903_rna_seq_S0137X_B3_nTC_RNASeq_1_run2877_4_S0137X_B3_nTC_RNASeq_1.33.pair2.fastq.gz
S013CNB3	data/fastq/T-cells/_EGAR00001366163_mcgill_20150903_rna_seq_S013CN_B3_nTC_RNASeq_1_run2877_3_S013CN_B3_nTC_RNASeq_1.33.pair1.fastq.gz	data/fastq/T-cells/_EGAR00001366163_mcgill_20150903_rna_seq_S013CN_B3_nTC_RNASeq_1_run2877_3_S013CN_B3_nTC_RNASeq_1.33.pair2.fastq.gz
S013DLB3	data/fastq/T-cells/_EGAR00001366164_mcgill_20150903_rna_seq_S013DL_B3_nTC_RNASeq_1_run2804_4_S013DL_B3_nTC_RNASeq_1.33.pair1.fastq.gz	data/fastq/T-cells/_EGAR00001366164_mcgill_20150903_rna_seq_S013DL_B3_nTC_RNASeq_1_run2804_4_S013DL_B3_nTC_RNASeq_1.33.pair2.fastq.gz
